,Embarked,Sex,Percentage of Passengers
0,C,female,0.4185185185185185
1,C,male,0.5814814814814815
2,Q,female,0.4878048780487805
3,Q,male,0.5121951219512195
4,S,female,0.31986899563318777
5,S,male,0.6801310043668122
