,Embarked,Pclass,Percentage of Passengers
0,Cherbourg,1,0.5222222222222223
1,Cherbourg,2,0.1037037037037037
2,Cherbourg,3,0.37407407407407406
3,Queenstown,1,0.024390243902439025
4,Queenstown,2,0.056910569105691054
5,Queenstown,3,0.9186991869918699
6,Southampton,1,0.19541484716157206
7,Southampton,2,0.26419213973799127
8,Southampton,3,0.5403930131004366
