,Embarked,Pclass,Percentage of Passengers
0,C,1,0.5222222222222223
1,C,2,0.1037037037037037
2,C,3,0.37407407407407406
3,Q,1,0.024390243902439025
4,Q,2,0.056910569105691054
5,Q,3,0.9186991869918699
6,S,1,0.19541484716157206
7,S,2,0.26419213973799127
8,S,3,0.5403930131004366
