,Embarked,Sex,Percentage of Passengers
0,Cherbourg,female,0.4185185185185185
1,Cherbourg,male,0.5814814814814815
2,Queenstown,female,0.4878048780487805
3,Queenstown,male,0.5121951219512195
4,Southampton,female,0.31986899563318777
5,Southampton,male,0.6801310043668122
