Column,Null Values (%)
Cabin,77.46371275783041
Age,20.091673032849503
Embarked,0.15278838808250572
Fare,0.07639419404125286
Ticket,0.0
Parch,0.0
SibSp,0.0
Sex,0.0
Name,0.0
Pclass,0.0
